{
  "nodes":{
    "0x26cb4f31408":{
      "type_":"Inputs.Vector3InputNode",
      "icon":null,
      "name":"Vector 2",
      "color":[
        13,
        18,
        23,
        255
      ],
      "border_color":[
        74,
        84,
        85,
        255
      ],
      "text_color":[
        255,
        255,
        255,
        180
      ],
      "disabled":false,
      "selected":true,
      "visible":true,
      "dynamic_port":false,
      "width":170,
      "height":80,
      "pos":[
        457.34804259616226,
        487.03709079225143
      ],
      "custom":{
        "out":[
          10.0,
          2.0,
          2.0
        ]
      }
    },
    "0x26cb4f31688":{
      "type_":"Inputs.Vector3InputNode",
      "icon":null,
      "name":"Vector 1",
      "color":[
        13,
        18,
        23,
        255
      ],
      "border_color":[
        74,
        84,
        85,
        255
      ],
      "text_color":[
        255,
        255,
        255,
        180
      ],
      "disabled":false,
      "selected":true,
      "visible":true,
      "dynamic_port":false,
      "width":170,
      "height":80,
      "pos":[
        453.25455062884396,
        286.4559843936471
      ],
      "custom":{
        "out":[
          5.0,
          2.0,
          2.0
        ]
      }
    },
    "0x26cb4f14148":{
      "type_":"Viewers.DataViewerNode",
      "icon":null,
      "name":"Result View",
      "color":[
        13,
        18,
        23,
        255
      ],
      "border_color":[
        74,
        84,
        85,
        255
      ],
      "text_color":[
        255,
        255,
        255,
        180
      ],
      "disabled":false,
      "selected":true,
      "visible":true,
      "dynamic_port":false,
      "width":222.33333333333331,
      "height":91.0,
      "pos":[
        1163.3987364418397,
        391.1813579826517
      ],
      "custom":{
        "data":"5.0000000000",
        "out":5.0
      }
    },
    "0x26cb4f2ae48":{
      "type_":"Inputs.Vector3InputNode",
      "icon":null,
      "name":"Vector 5",
      "color":[
        13,
        18,
        23,
        255
      ],
      "border_color":[
        74,
        84,
        85,
        255
      ],
      "text_color":[
        255,
        255,
        255,
        180
      ],
      "disabled":false,
      "selected":true,
      "visible":true,
      "dynamic_port":false,
      "width":170,
      "height":80,
      "pos":[
        452.9037437055922,
        1054.8695311801075
      ],
      "custom":{
        "out":[
          20.0,
          0.0,
          0.0
        ]
      }
    },
    "0x26cb4f28c08":{
      "type_":"Custom.Dot_Product",
      "icon":null,
      "name":"Dot Product",
      "color":[
        36,
        97,
        100,
        255
      ],
      "border_color":[
        74,
        84,
        85,
        255
      ],
      "text_color":[
        255,
        255,
        255,
        180
      ],
      "disabled":false,
      "selected":true,
      "visible":true,
      "dynamic_port":true,
      "width":180.0,
      "height":86.0,
      "pos":[
        842.2598697427295,
        1119.167224178695
      ],
      "input_ports":[
        {
          "name":"input0",
          "multi_connection":false,
          "display_name":true,
          "data_type":"None"
        },
        {
          "name":"input1",
          "multi_connection":false,
          "display_name":true,
          "data_type":"None"
        }
      ],
      "output_ports":[
        {
          "name":"output0",
          "multi_connection":true,
          "display_name":true,
          "data_type":"None"
        }
      ],
      "custom":{
        "graph_rect":[
          69.39519531447361,
          -119.5483720936271,
          839.4216965482394,
          790.0439496924602
        ],
        "input count":2,
        "output count":1,
        "create_from_select":false,
        "published":true
      }
    },
    "0x26cb4f211c8":{
      "type_":"Custom.Distance",
      "icon":null,
      "name":"Distance",
      "color":[
        36,
        97,
        100,
        255
      ],
      "border_color":[
        74,
        84,
        85,
        255
      ],
      "text_color":[
        255,
        255,
        255,
        180
      ],
      "disabled":false,
      "selected":true,
      "visible":true,
      "dynamic_port":true,
      "width":170,
      "height":86.0,
      "pos":[
        833.8166743531748,
        392.843425358282
      ],
      "input_ports":[
        {
          "name":"input0",
          "multi_connection":false,
          "display_name":true,
          "data_type":"None"
        },
        {
          "name":"input1",
          "multi_connection":false,
          "display_name":true,
          "data_type":"None"
        }
      ],
      "output_ports":[
        {
          "name":"output0",
          "multi_connection":true,
          "display_name":true,
          "data_type":"None"
        }
      ],
      "custom":{
        "graph_rect":[
          161.6403612314872,
          -114.4185350985033,
          1368.0150455163832,
          1287.543572250713
        ],
        "input count":2,
        "output count":1,
        "create_from_select":false,
        "published":true
      }
    },
    "0x26cb4f0e9c8":{
      "type_":"Inputs.Vector3InputNode",
      "icon":null,
      "name":"Vector 4",
      "color":[
        13,
        18,
        23,
        255
      ],
      "border_color":[
        74,
        84,
        85,
        255
      ],
      "text_color":[
        255,
        255,
        255,
        180
      ],
      "disabled":false,
      "selected":true,
      "visible":true,
      "dynamic_port":false,
      "width":170,
      "height":80,
      "pos":[
        455.8742304029088,
        881.4349497471972
      ],
      "custom":{
        "out":[
          0.0,
          0.0,
          1.0
        ]
      }
    },
    "0x26cb4f0e048":{
      "type_":"Inputs.Vector3InputNode",
      "icon":null,
      "name":"Vector 3",
      "color":[
        13,
        18,
        23,
        255
      ],
      "border_color":[
        74,
        84,
        85,
        255
      ],
      "text_color":[
        255,
        255,
        255,
        180
      ],
      "disabled":false,
      "selected":true,
      "visible":true,
      "dynamic_port":false,
      "width":170,
      "height":80,
      "pos":[
        456.3976677920282,
        712.8463768277693
      ],
      "custom":{
        "out":[
          1.0,
          0.0,
          0.0
        ]
      }
    },
    "0x26cb4f6a588":{
      "type_":"Viewers.DataViewerNode",
      "icon":null,
      "name":"Result View 2",
      "color":[
        13,
        18,
        23,
        255
      ],
      "border_color":[
        74,
        84,
        85,
        255
      ],
      "text_color":[
        255,
        255,
        255,
        180
      ],
      "disabled":false,
      "selected":true,
      "visible":true,
      "dynamic_port":false,
      "width":222.33333333333331,
      "height":91.0,
      "pos":[
        1177.2962257618165,
        1119.6816415773787
      ],
      "custom":{
        "data":"40.0000000000",
        "out":40.0
      }
    },
    "0x26cb4f28848":{
      "type_":"Inputs.Vector3InputNode",
      "icon":null,
      "name":"Vector 5",
      "color":[
        13,
        18,
        23,
        255
      ],
      "border_color":[
        74,
        84,
        85,
        255
      ],
      "text_color":[
        255,
        255,
        255,
        180
      ],
      "disabled":false,
      "selected":true,
      "visible":true,
      "dynamic_port":false,
      "width":170,
      "height":80,
      "pos":[
        451.2265256729896,
        1229.2270073169514
      ],
      "custom":{
        "out":[
          2.0,
          0.0,
          1.0
        ]
      }
    },
    "0x26cb4f14c08":{
      "type_":"Custom.Cross_Product",